{"measurement_yolov8n.pt.json": {"map": 0.382442444562912, "map_50": 0.5259501338005066, "map_75": 0.4056622385978699, "map_small": 0.2043829709291458, "map_medium": 0.3851068615913391, "map_large": 0.5531346201896667, "mar_1": 0.32405614852905273, "mar_10": 0.4765583872795105, "mar_100": 0.4905354082584381, "mar_small": 0.25594019889831543, "mar_medium": 0.5060384273529053, "mar_large": 0.6304703950881958, "map_per_class": -1.0, "mar_100_per_class": -1.0}, "measurement_picodet_s_320_coco.onnx.json": {"map": 0.2773909866809845, "map_50": 0.4283589720726013, "map_75": 0.3031267821788788, "map_small": 0.04682093858718872, "map_medium": 0.1615791618824005, "map_large": 0.4879448115825653, "mar_1": 0.23747864365577698, "mar_10": 0.344868540763855, "mar_100": 0.3598531186580658, "mar_small": 0.07302577048540115, "mar_medium": 0.2728351652622223, "mar_large": 0.5685519576072693, "map_per_class": -1.0, "mar_100_per_class": -1.0}, "measurement_damoyolo.json": {"map": 0.23802873492240906, "map_50": 0.2862456440925598, "map_75": 0.26893526315689087, "map_small": 0.05412541329860687, "map_medium": 0.11119014769792557, "map_large": 0.4048636555671692, "mar_1": 0.20620332658290863, "mar_10": 0.2423854023218155, "mar_100": 0.2423854023218155, "mar_small": 0.05352282524108887, "mar_medium": 0.11908500641584396, "mar_large": 0.4122481644153595, "map_per_class": -1.0, "mar_100_per_class": -1.0}, "measurement_ncnn_cpp_nanodet.json": {"map": 0.26435303688049316, "map_50": 0.412469744682312, "map_75": 0.29770636558532715, "map_small": 0.07433825731277466, "map_medium": 0.21096454560756683, "map_large": 0.41445332765579224, "mar_1": 0.24124330282211304, "mar_10": 0.314477801322937, "mar_100": 0.32474586367607117, "mar_small": 0.08317076414823532, "mar_medium": 0.29705506563186646, "mar_large": 0.45994117856025696, "map_per_class": -1.0, "mar_100_per_class": -1.0}, "measurement_ncnn_cpp_yolov8n.json": {"map": 0.43928229808807373, "map_50": 0.6112242937088013, "map_75": 0.4689483940601349, "map_small": 0.24511058628559113, "map_medium": 0.4071217477321625, "map_large": 0.6043821573257446, "mar_1": 0.359978049993515, "mar_10": 0.5161949992179871, "mar_100": 0.523918092250824, "mar_small": 0.28800687193870544, "mar_medium": 0.5156047940254211, "mar_large": 0.6609015464782715, "map_per_class": -1.0, "mar_100_per_class": -1.0}, "measurement_ncnn_cpp_yoloFastestV2.json": {"map": 0.1832221895456314, "map_50": 0.33581092953681946, "map_75": 0.1587323695421219, "map_small": 0.03756500780582428, "map_medium": 0.10274335741996765, "map_large": 0.3202681243419647, "mar_1": 0.1672240048646927, "mar_10": 0.21937383711338043, "mar_100": 0.21985195577144623, "mar_small": 0.044571489095687866, "mar_medium": 0.13055193424224854, "mar_large": 0.36038851737976074, "map_per_class": -1.0, "mar_100_per_class": -1.0}}